kgld_id,title,alt_names,oblast,district,ccode,latitude,longitude,geometry_captured,observation_years,aat_type,kgld_origin,mchs_catalog_id,basin,mountain_range,record_status,close_match,ramsar_ris,source_note
KGLD-L0001,Issyk-Kul,,Issyk-Kul,,KG,42.416667,77.250000,,1990,aat:300008680,tectonic,,Issyk-Kul,Kungey Ala-Too / Terskey Ala-Too,verified_partial,,https://rsis.ramsar.org/ris/1231,Published reference values: surface area 6236 km²; elevation 1606 m; maximum depth 668 m; volume 1738 km³. Sources: National Statistical Committee of the Kyrgyz Republic — 20 Years of Independence of the Kyrgyz Republic (2011) | International Lake Environment Committee (ILEC) — World Lake Database — Lake Issyk-Kool.
KGLD-L0002,Son-Kul,,Naryn,,KG,41.833056,75.116667,,2010,aat:300008680,,,,,verified_partial,,https://rsis.ramsar.org/ris/1943,Published reference values: surface area 275 km²; elevation 3015.2 m; maximum depth 13.2 m. Sources: National Statistical Committee of the Kyrgyz Republic — 20 Years of Independence of the Kyrgyz Republic (2011) | Ramsar Sites Information Service — Information Sheet on Ramsar Wetlands — Son-Kol Lake (Site 1943). Note: KGLD records a source conflict for at least one of these values; the full evidence and conflict register are in the Zenodo release.
KGLD-L0003,Chatyr-Kul,,Naryn,,KG,40.616667,75.300000,,,aat:300008680,,,,At-Bashy,verified_partial,,https://rsis.ramsar.org/ris/1588,Published reference values: surface area 175 km²; elevation 3530 m; maximum depth 16.6 m. Sources: National Statistical Committee of the Kyrgyz Republic — 20 Years of Independence of the Kyrgyz Republic (2011) | Food and Agriculture Organization of the United Nations — Fish species introductions in the Kyrgyz Republic (2013). Note: KGLD records a source conflict for at least one of these values; the full evidence and conflict register are in the Zenodo release.
KGLD-L0004,Sary-Chelek,,Jalal-Abad,,KG,41.890000,71.960000,,2013,aat:300008680,landslide_dammed,,,Chatkal,verified_partial,,,"Published reference values: surface area 4.9 km²; elevation 1874 m; volume 0.48 km³. Sources: Lauterbach, S.; Mingram, J.; Schettler, G.; Orunbaev, S. — Two twentieth-century MLH = 7.5 earthquakes recorded in annually laminated lake sediments from Sary Chelek, western Tian Shan, Kyrgyzstan (2019). Note: KGLD records a source conflict for at least one of these values; the full evidence and conflict register are in the Zenodo release."
KGLD-L0005,Kel-Suu,,Naryn,,KG,40.643056,76.395000,,,aat:300008680;aat:300387086,strongly_variable_intermittent,,,,verified_partial,wd:Q13642455,,Published reference values: elevation 3514 m. Sources: Wikidata / U.S. Geographic Names Server — Köl-Suu (Wikidata Q13642455; coordinate statement attributed to Geographic Names Server) (2018).
KGLD-L0006,Kulun,Кулун,Osh,Kara-Kulja,KG,40.542511,74.313168,,,aat:300008680,landslide_dammed,,Kulun / Tar,Fergana Range,verified_partial,gn:8403583,,Published reference values: surface area 3.25 km²; elevation 2856 m; maximum depth 91 m. Sources: Kyrgyz Express Post — Pearls of Kyrgyz Nature. Kulun Lakes — Newsletter No. 113 (2025) | Bolshaya Rossiyskaya Entsiklopediya — Kulun (2023). Note: KGLD records a source conflict for at least one of these values; the full evidence and conflict register are in the Zenodo release.
KGLD-L0007,Ala-Kul,Алакёль,Issyk-Kul,,KG,42.317167,78.534664,,2026,aat:300008680,rock_dammed_proglacial; riegel,I-102,,Terskey Ala-Too,verified_partial,,,"Published reference values: surface area 1.6 km²; elevation 3560 m. Sources: Rousseau, M.; Demory, F.; Miramont, C.; Brisset, E.; Guiter, F.; Sabatier, P.; Sorrel, P. — Palaeoenvironmental change and glacier fluctuations in the high Tian Shan Mountains during the last millennium based on sediments from Lake Ala Kol, Kyrgyzstan (2020). Note: KGLD records a source conflict for at least one of these values; the full evidence and conflict register are in the Zenodo release."
KGLD-L0008,Kol-Ukok,,Naryn,,KG,,,,,aat:300008680,,,,,seed,,,Published reference values: surface area 1.6 km²; elevation 3048 m; maximum depth 17 m. Sources: Food and Agriculture Organization of the United Nations — Fish species introductions in the Kyrgyz Republic (2013).
KGLD-L0009,Tulpar-Kol,,Osh,,KG,,,,,aat:300008680,,,,Trans-Alay,seed,,,
KGLD-L0010,Petrov Lake,,Issyk-Kul,,KG,,,,"1911,1947,1957,1980,1995,2006,2009",aat:300008680,moraine_dammed_glacial,,,Ak-Shyyrak,verified_partial,,,"Published reference values: surface area 3.9 km²; elevation 3741 m; maximum depth 69.3 m; volume 0.0603 km³. Sources: Janský, B.; Engel, Z.; Šobr, M.; Beneš, V.; Špaček, K.; Yerokhin, S. — The evolution of Petrov lake and moraine dam rupture risk (Tien-Shan, Kyrgyzstan) (2009) | Engel, Z.; Šobr, M.; Yerokhin, S. A. — Changes of Petrov glacier and its proglacial lake in the Akshiirak massif, central Tien Shan, since 1977 (2012)."
KGLD-L0012,Kapka-Tash Lake,,Jalal-Abad,Toktogul,KG,,,,,aat:300008680,,,,,verified_partial,,,Published reference values: surface area 1.0 km²; elevation 2303 m. Sources: Food and Agriculture Organization of the United Nations — Fish species introductions in the Kyrgyz Republic (2013).
KGLD-L0013,Kara-Suu Lake (Toktogul),,Jalal-Abad,Toktogul,KG,,,,,aat:300008680,landslide_dammed,,,,verified_partial,,,Published reference values: surface area 3.82 km²; elevation 1998 m; maximum depth 147 m. Sources: Food and Agriculture Organization of the United Nations — Fish species introductions in the Kyrgyz Republic (2013).
KGLD-L0014,Kara-Kol Lake (Tyup),,Issyk-Kul,Tyup,KG,,,,,aat:300008680,,,,,verified_partial,,,Published reference values: surface area 0.46 km². Sources: Food and Agriculture Organization of the United Nations — Fish species introductions in the Kyrgyz Republic (2013).
KGLD-L0015,Kolotilin Lake,,Issyk-Kul,Tyup,KG,,,,,aat:300008680,,,,,verified_partial,,,Published reference values: surface area 0.012 km². Sources: Food and Agriculture Organization of the United Nations — Fish species introductions in the Kyrgyz Republic (2013).
KGLD-L0016,Kuturginskoe Lake,,Issyk-Kul,Tyup,KG,,,,,aat:300008680,,,,,verified_partial,,,Published reference values: surface area 0.012 km². Sources: Food and Agriculture Organization of the United Nations — Fish species introductions in the Kyrgyz Republic (2013).
KGLD-L0017,Oh-Tal Lake,,Issyk-Kul,Tyup,KG,,,,,aat:300008680,,,,,verified_partial,,,Published reference values: surface area 0.04 km². Sources: Food and Agriculture Organization of the United Nations — Fish species introductions in the Kyrgyz Republic (2013).
KGLD-L0018,Osipov Lake,,Issyk-Kul,Tyup,KG,,,,,aat:300008680,,,,,verified_partial,,,Published reference values: surface area 0.013 km². Sources: Food and Agriculture Organization of the United Nations — Fish species introductions in the Kyrgyz Republic (2013).
KGLD-L0019,Shuvaeva Lake,,Issyk-Kul,Tyup,KG,,,,,aat:300008680,,,,,verified_partial,,,Published reference values: surface area 0.011 km². Sources: Food and Agriculture Organization of the United Nations — Fish species introductions in the Kyrgyz Republic (2013).
KGLD-L0020,Ala-Kol Lake (Bazar-Korgon),,Jalal-Abad,Bazar-Korgon,KG,,,,,aat:300008680,,,,,verified_partial,,,Published reference values: surface area 4.1 km². Sources: Food and Agriculture Organization of the United Nations — Fish species introductions in the Kyrgyz Republic (2013).
KGLD-L0021,Ak-Kol Lake (Kochkor),,Naryn,Kochkor,KG,,,,,aat:300008680,,,,,verified_partial,,,Published reference values: surface area 0.07 km². Sources: Food and Agriculture Organization of the United Nations — Fish species introductions in the Kyrgyz Republic (2013).
KGLD-L0022,Aragol Lake,,Naryn,Kochkor,KG,,,,,aat:300008680,,,,,verified_partial,,,Published reference values: surface area 0.1 km². Sources: Food and Agriculture Organization of the United Nations — Fish species introductions in the Kyrgyz Republic (2013).
KGLD-L0023,Adygine Lake 1,,Chuy,,KG,,,,,aat:300008680;aat:300387086,intramorainic; non_permanent,,,Kyrgyz Ala-Too,verified_partial,,,
KGLD-L0024,Adygine Lake 2,,Chuy,,KG,,,,"2005,2008,2015,2017",aat:300008680,riegel_moraine_dammed,,,Kyrgyz Ala-Too,verified_partial,,,"Published reference values: surface area 0.0309 km²; maximum depth 21.3 m; volume 0.000195 km³. Sources: Falatkova, K.; Šobr, M.; Neureiter, A.; Schöner, W.; Janský, B.; Häusler, H.; Engel, Z.; Beneš, V. — Development of proglacial lakes and evaluation of related outburst susceptibility at the Adygine ice-debris complex, northern Tien Shan (2019)."
KGLD-L0025,Adygine Lake 3,,Chuy,,KG,,,,"2007,2012,2017",aat:300008680,,,,Kyrgyz Ala-Too,verified_partial,,,"Published reference values: surface area 0.01602 km²; maximum depth 14 m; volume 0.000106 km³. Sources: Falatkova, K.; Šobr, M.; Neureiter, A.; Schöner, W.; Janský, B.; Häusler, H.; Engel, Z.; Beneš, V. — Development of proglacial lakes and evaluation of related outburst susceptibility at the Adygine ice-debris complex, northern Tien Shan (2019)."
KGLD-L0026,Köl-Tör Lake (Kegeti),,Chuy,,KG,,,,,aat:300008680,,,,Kyrgyz Ala-Too,verified_partial,,,
KGLD-L0027,Zyndan Western Lake,,,,KG,41.943889,77.022222,,2008,aat:300008680;aat:300387086,short_lived,,,,verified_partial,,,
KGLD-L0028,Lower Merzbacher Lake,,Issyk-Kul,,KG,,,,,aat:300008680;aat:300387086,ice_dammed; cyclic_seasonal,,,Central Tian Shan,verified_partial,,,"Published reference values: elevation 3250 m; volume 0.2 km³. Sources: Ng, F.; Liu, S. — Temporal dynamics of a jökulhlaup system (2009)."
KGLD-L0029,Upper Merzbacher Lake,,Issyk-Kul,,KG,,,,,aat:300008680,,,,Central Tian Shan,verified_partial,,,"Published reference values: elevation 3300 m. Sources: Ng, F.; Liu, S. — Temporal dynamics of a jökulhlaup system (2009)."
KGLD-L0030,Tuz Lake,Тюз,Issyk-Kul,,KG,,,,2026,aat:300008680,moraine_glacial,I-87,Sary-Jaz,,verified_partial,,,Published reference values: elevation 3760 m. Sources: Ministry of Emergency Situations of the Kyrgyz Republic — Chapter 5: Issyk-Kul Region — forecast of possible activation of outburst-hazardous lakes (2026).
KGLD-L0031,Ak-Suu Lake 1,Ак-Суу-1,Issyk-Kul,,KG,,,,2026,aat:300008680,moraine_glacial,I-17,Ak-Suu,,verified_partial,,,Published reference values: elevation 3620 m. Sources: Ministry of Emergency Situations of the Kyrgyz Republic — Chapter 5: Issyk-Kul Region — forecast of possible activation of outburst-hazardous lakes (2026).
KGLD-L0032,Ak-Suu Lake 2,Ак-Суу-2,Issyk-Kul,,KG,,,,2026,aat:300008680,moraine_glacial,I-18,Ak-Suu,,verified_partial,,,Published reference values: elevation 3640 m. Sources: Ministry of Emergency Situations of the Kyrgyz Republic — Chapter 5: Issyk-Kul Region — forecast of possible activation of outburst-hazardous lakes (2026).
KGLD-L0033,Anyrtor Lake 1,Аныртор-1,Issyk-Kul,,KG,,,,2026,aat:300008680,moraine_glacial,I-19,Arasan,,verified_partial,,,Published reference values: elevation 3650 m. Sources: Ministry of Emergency Situations of the Kyrgyz Republic — Chapter 5: Issyk-Kul Region — forecast of possible activation of outburst-hazardous lakes (2026).
KGLD-L0034,Anyrtor Lake 2,Аныртор-2,Issyk-Kul,,KG,,,,2026,aat:300008680,moraine_glacial,I-20,Arasan,,verified_partial,,,Published reference values: elevation 3700 m. Sources: Ministry of Emergency Situations of the Kyrgyz Republic — Chapter 5: Issyk-Kul Region — forecast of possible activation of outburst-hazardous lakes (2026).
KGLD-L0035,Intor Lake 1,Интор-1,Issyk-Kul,,KG,,,,2026,aat:300008680,moraine_glacial,I-21,Arasan,,verified_partial,,,Published reference values: elevation 3520 m. Sources: Ministry of Emergency Situations of the Kyrgyz Republic — Chapter 5: Issyk-Kul Region — forecast of possible activation of outburst-hazardous lakes (2026).
KGLD-L0036,Intor Lake 2,Интор-2,Issyk-Kul,,KG,,,,2026,aat:300008680,moraine_glacial,I-22,Arasan,,verified_partial,,,Published reference values: elevation 3640 m. Sources: Ministry of Emergency Situations of the Kyrgyz Republic — Chapter 5: Issyk-Kul Region — forecast of possible activation of outburst-hazardous lakes (2026).
KGLD-L0037,Arasan Lake 1,Арасан-1,Issyk-Kul,,KG,,,,2026,aat:300008680,riegel,I-54,Ak-Suu-Arasan,,verified_partial,,,Published reference values: elevation 3400 m. Sources: Ministry of Emergency Situations of the Kyrgyz Republic — Chapter 5: Issyk-Kul Region — forecast of possible activation of outburst-hazardous lakes (2026).
KGLD-L0038,Arasan Lake 2,Арасан-2,Issyk-Kul,,KG,,,,2026,aat:300008680,riegel,I-55,Ak-Suu-Arasan,,verified_partial,,,Published reference values: elevation 3460 m. Sources: Ministry of Emergency Situations of the Kyrgyz Republic — Chapter 5: Issyk-Kul Region — forecast of possible activation of outburst-hazardous lakes (2026).
KGLD-L0039,Arasan Lake 3,Арасан-3,Issyk-Kul,,KG,,,,2026,aat:300008680,riegel,I-56,Ak-Suu-Arasan,,verified_partial,,,Published reference values: elevation 3270 m. Sources: Ministry of Emergency Situations of the Kyrgyz Republic — Chapter 5: Issyk-Kul Region — forecast of possible activation of outburst-hazardous lakes (2026).
KGLD-L0040,Upper Arasan Lake 4,Арасан-4 верхнее,Issyk-Kul,,KG,,,,2026,aat:300008680,moraine_glacial,I-82,Ak-Suu-Arasan,,verified_partial,,,Published reference values: elevation 3840 m. Sources: Ministry of Emergency Situations of the Kyrgyz Republic — Chapter 5: Issyk-Kul Region — forecast of possible activation of outburst-hazardous lakes (2026).
KGLD-L0041,East Arasan Lake 5,Арасан-5 вост.,Issyk-Kul,,KG,,,,2026,aat:300008680,moraine_glacial,I-83,Ak-Suu-Arasan,,verified_partial,,,Published reference values: elevation 4120 m. Sources: Ministry of Emergency Situations of the Kyrgyz Republic — Chapter 5: Issyk-Kul Region — forecast of possible activation of outburst-hazardous lakes (2026).
KGLD-L0042,Upper Ala-Köl Lake,Алакёль-верхнее,Issyk-Kul,,KG,,,,2026,aat:300008680,moraine_glacial,I-23,Karakol,,verified_partial,,,Published reference values: elevation 3600 m. Sources: Ministry of Emergency Situations of the Kyrgyz Republic — Chapter 5: Issyk-Kul Region — forecast of possible activation of outburst-hazardous lakes (2026).
KGLD-L0043,West Uyuktor Lake,Уюктор-западное,Issyk-Kul,,KG,,,,2026,aat:300008680,moraine_glacial,I-81,Karakol,,verified_partial,,,Published reference values: elevation 3615 m. Sources: Ministry of Emergency Situations of the Kyrgyz Republic — Chapter 5: Issyk-Kul Region — forecast of possible activation of outburst-hazardous lakes (2026).
KGLD-L0044,Sekitor Lake,Секитор,Issyk-Kul,,KG,,,,2026,aat:300008680,riegel,I-57,Boz-Uchuk,,verified_partial,,,Published reference values: elevation 3320 m. Sources: Ministry of Emergency Situations of the Kyrgyz Republic — Chapter 5: Issyk-Kul Region — forecast of possible activation of outburst-hazardous lakes (2026).
KGLD-L0045,Geltor-2 Double Lake,Гельтор-2 двойное,Issyk-Kul,,KG,,,,2026,aat:300008680,riegel,I-63,Boz-Uchuk,,verified_partial,,,Published reference values: elevation 3340 m. Sources: Ministry of Emergency Situations of the Kyrgyz Republic — Chapter 5: Issyk-Kul Region — forecast of possible activation of outburst-hazardous lakes (2026).
KGLD-L0046,Small Sharkyratma Lake,Шаркыратма малое,Issyk-Kul,,KG,,,,2026,aat:300008680,riegel,I-58,Dzhergez,,verified_partial,,,Published reference values: elevation 3500 m. Sources: Ministry of Emergency Situations of the Kyrgyz Republic — Chapter 5: Issyk-Kul Region — forecast of possible activation of outburst-hazardous lakes (2026).
KGLD-L0047,Large Sharkyratma Lake,Шаркыратма бол.,Issyk-Kul,,KG,,,,2026,aat:300008680,riegel,I-59,Dzhergez,,verified_partial,,,Published reference values: elevation 3450 m. Sources: Ministry of Emergency Situations of the Kyrgyz Republic — Chapter 5: Issyk-Kul Region — forecast of possible activation of outburst-hazardous lakes (2026).
KGLD-L0048,Issyktor Lake,Иссыктор,Issyk-Kul,,KG,,,,2026,aat:300008680,riegel,I-60,Dzhergez,,verified_partial,,,Published reference values: elevation 3125 m. Sources: Ministry of Emergency Situations of the Kyrgyz Republic — Chapter 5: Issyk-Kul Region — forecast of possible activation of outburst-hazardous lakes (2026).
KGLD-L0049,Kel-Tor Lake (Dzhergez),Кель-Тор,Issyk-Kul,,KG,,,,2026,aat:300008680,riegel,I-62,Dzhergez,,verified_partial,,,Published reference values: elevation 3125 m. Sources: Ministry of Emergency Situations of the Kyrgyz Republic — Chapter 5: Issyk-Kul Region — forecast of possible activation of outburst-hazardous lakes (2026).
KGLD-L0050,Tuyuktor Lake,Туюктор,Issyk-Kul,,KG,,,,2026,aat:300008680,riegel,I-65,Dzhergez,,verified_partial,,,Published reference values: elevation 3400 m. Sources: Ministry of Emergency Situations of the Kyrgyz Republic — Chapter 5: Issyk-Kul Region — forecast of possible activation of outburst-hazardous lakes (2026).
KGLD-L0051,Torgenaksu Lake 1,Торгенаксу-1,Issyk-Kul,,KG,,,,2026,aat:300008680,moraine,I-85,Torgen-Ak-Suu,,verified_partial,,,Published reference values: elevation 3660 m. Sources: Ministry of Emergency Situations of the Kyrgyz Republic — Chapter 5: Issyk-Kul Region — forecast of possible activation of outburst-hazardous lakes (2026).
KGLD-L0052,Torgenaksu Lake 2,Торгенаксу-2,Issyk-Kul,,KG,,,,2026,aat:300008680,moraine_glacial,I-86,Torgen-Ak-Suu,,verified_partial,,,Published reference values: elevation 3750 m. Sources: Ministry of Emergency Situations of the Kyrgyz Republic — Chapter 5: Issyk-Kul Region — forecast of possible activation of outburst-hazardous lakes (2026).
KGLD-L0053,Tuyuktor Small Lakes (catalog complex),Туюктор малые,Issyk-Kul,,KG,,,,2026,aat:300008680,riegel,I-129,Torgen-Ak-Suu,,verified_partial,,,Published reference values: elevation 3780 m. Sources: Ministry of Emergency Situations of the Kyrgyz Republic — Chapter 5: Issyk-Kul Region — forecast of possible activation of outburst-hazardous lakes (2026).
KGLD-L0054,Jyrgalan Lake 2,Джергалан-2,Issyk-Kul,,KG,,,,2026,aat:300008680,moraine,I-103,Jyrgalan,,verified_partial,,,Published reference values: elevation 3180 m. Sources: Ministry of Emergency Situations of the Kyrgyz Republic — Chapter 5: Issyk-Kul Region — forecast of possible activation of outburst-hazardous lakes (2026).
KGLD-L0055,Sharkyratma Lake 3 (Tyup),Шаркыратма-3.Тюп.,Issyk-Kul,,KG,,,,2026,aat:300008680,riegel,I-138,Jyrgalan,,verified_partial,,,Published reference values: elevation 3480 m. Sources: Ministry of Emergency Situations of the Kyrgyz Republic — Chapter 5: Issyk-Kul Region — forecast of possible activation of outburst-hazardous lakes (2026).
KGLD-L0056,Dzherges Lake 2,Джергес-2,Issyk-Kul,,KG,,,,2026,aat:300008680,riegel,I-105,Tyup,,verified_partial,,,Published reference values: elevation 3833 m. Sources: Ministry of Emergency Situations of the Kyrgyz Republic — Chapter 5: Issyk-Kul Region — forecast of possible activation of outburst-hazardous lakes (2026).
KGLD-L0057,Dzherges Lake 1,Джергес-1,Issyk-Kul,,KG,,,,2026,aat:300008680,riegel,I-104,Tyup,,verified_partial,,,Published reference values: elevation 3873 m. Sources: Ministry of Emergency Situations of the Kyrgyz Republic — Chapter 5: Issyk-Kul Region — forecast of possible activation of outburst-hazardous lakes (2026).
KGLD-L0058,Upper Kyzyl-Tor Lake,Кызылтор верх.,Issyk-Kul,,KG,,,,2026,aat:300008680,moraine,I-120,Tyup,,verified_partial,,,Published reference values: elevation 3360 m. Sources: Ministry of Emergency Situations of the Kyrgyz Republic — Chapter 5: Issyk-Kul Region — forecast of possible activation of outburst-hazardous lakes (2026).
KGLD-L0059,Lower Kyzyl-Tor Lake,Кызылтор нижн.,Issyk-Kul,,KG,,,,2026,aat:300008680,moraine,I-121,Tyup,,verified_partial,,,Published reference values: elevation 3360 m. Sources: Ministry of Emergency Situations of the Kyrgyz Republic — Chapter 5: Issyk-Kul Region — forecast of possible activation of outburst-hazardous lakes (2026).
KGLD-L0060,Left Taigak Lake,Тайгак-левое,Issyk-Kul,,KG,,,,2026,aat:300008680,moraine,I-122,Tyup,,verified_partial,,,Published reference values: elevation 3480 m. Sources: Ministry of Emergency Situations of the Kyrgyz Republic — Chapter 5: Issyk-Kul Region — forecast of possible activation of outburst-hazardous lakes (2026).
KGLD-L0061,Right Taigak Lake,Тайгак-правое,Issyk-Kul,,KG,,,,2026,aat:300008680,moraine,I-123,Tyup,,verified_partial,,,Published reference values: elevation 3450 m. Sources: Ministry of Emergency Situations of the Kyrgyz Republic — Chapter 5: Issyk-Kul Region — forecast of possible activation of outburst-hazardous lakes (2026).
KGLD-L0062,Chakyrkorum Lake,Чакыркорум,Issyk-Kul,,KG,,,,2026,aat:300008680,riegel,I-130,Tyup,,verified_partial,,,Published reference values: elevation 3850 m. Sources: Ministry of Emergency Situations of the Kyrgyz Republic — Chapter 5: Issyk-Kul Region — forecast of possible activation of outburst-hazardous lakes (2026).
KGLD-L0063,Upper Ukok Lake,Укок верхнее,Naryn,,KG,,,,2025,aat:300008680,moraine_glacial,N-20,Kel-Ukek,,verified_partial,,,Published reference values: elevation 3730 m. Sources: Ministry of Emergency Situations of the Kyrgyz Republic — Chapter 6: Naryn Region — forecast of possible activation of outburst-hazardous lakes (2025).
KGLD-L0064,East Karakum Lake,Каракум-вост.,Naryn,,KG,,,,2025,aat:300008680,moraine_glacial,N-18,Karakum–Kel-Ukök,,verified_partial,,,Published reference values: elevation 3680 m; volume 0.000100 km³. Sources: Ministry of Emergency Situations of the Kyrgyz Republic — Chapter 6: Naryn Region — forecast of possible activation of outburst-hazardous lakes (2025).
KGLD-L0065,Upper Karakum Lake,Каракум-верхнее,Naryn,,KG,,,,2025,aat:300008680,moraine_glacial,N-6,Karakum–Kel-Ukök,,verified_partial,,,Published reference values: elevation 3590 m; volume 0.000250 km³. Sources: Ministry of Emergency Situations of the Kyrgyz Republic — Chapter 6: Naryn Region — forecast of possible activation of outburst-hazardous lakes (2025).
KGLD-L0066,Buzulgansuu (Shamsy) Lake,Бузулгансу (Шамсы),Naryn,,KG,,,,2025,aat:300008680,moraine_glacial,N-14,Buzilgan-Suu–Shamsy,,verified_partial,,,Published reference values: elevation 3704 m; volume 0.000100 km³. Sources: Ministry of Emergency Situations of the Kyrgyz Republic — Chapter 6: Naryn Region — forecast of possible activation of outburst-hazardous lakes (2025).
KGLD-L0067,Small Kulun Lake,Small Kulun Lake,Osh,Kara-Kulja,KG,,,,,aat:300008680,landslide_dammed,,Kulun / Tar,Fergana Range,verified_partial,,,Published reference values: surface area 0.45 km². Sources: Bolshaya Rossiyskaya Entsiklopediya — Kulun (2023).
KGLD-L0068,Middle Kulun Lake,,Osh,Kara-Kulja,KG,,,,,aat:300008680,,,Kulun / Tar,Fergana Range,verified_partial,,,
KGLD-L0070,Kashkasuu Glacial Lake,,Issyk-Kul,,KG,,,,2006,aat:300008680;aat:300387086,short_lived,,Kashkasuu / western Teskey,Teskey Ala-Too,verified_partial,,,
KGLD-L0071,Jeruy Glacial Lake,,Issyk-Kul,,KG,,,,2013,aat:300008680;aat:300387086,short_lived,,Jeruy / western Teskey,Teskey Ala-Too,verified_partial,,,
KGLD-L0072,Karateke Glacial Lake,,Issyk-Kul,,KG,,,,2014,aat:300008680;aat:300387086,short_lived,,Karateke / western Teskey,Teskey Ala-Too,verified_partial,,,
KGLD-L0073,Toguz-Bulak Glacial Lake,,Issyk-Kul,,KG,,,,2019,aat:300008680;aat:300387086,seasonally_recurrent,,Toguz-Bulak / Tosor,Teskey Ala-Too,verified_partial,,,
KGLD-F0001,Hamilton 1,Southern Inylchek supraglacial Lake 1,,,KG,,,,"2017,2018",aat:300008680;aat:300387086,supraglacial_lake,,,Southern Inylchek Glacier,study_local_feature,,,"Ephemeral supraglacial lake on the Southern Inylchek Glacier, study-local lake 1 of Sakurai, N.; Narama, C.; Daiyrov, M.; Esenamanov, M.; Usekov, Z.; Inoue, H. — Simultaneous drainage events from supraglacial lakes on the southern Inylchek Glacier, Central Asia (2022). 4 documented drainage event(s) between 2017-07-24 and 2018-07-18, of which 2 drained simultaneously with other lakes on the same glacier through a shared englacial conduit network."
KGLD-F0003,Hamilton 3,Southern Inylchek supraglacial Lake 3,,,KG,,,,2018,aat:300008680;aat:300387086,supraglacial_lake,,,Southern Inylchek Glacier,study_local_feature,,,"Ephemeral supraglacial lake on the Southern Inylchek Glacier, study-local lake 3 of Sakurai, N.; Narama, C.; Daiyrov, M.; Esenamanov, M.; Usekov, Z.; Inoue, H. — Simultaneous drainage events from supraglacial lakes on the southern Inylchek Glacier, Central Asia (2022). 1 documented drainage event(s) between 2018-07-16 and 2018-07-16."
KGLD-F0004,Hamilton 4,Southern Inylchek supraglacial Lake 4,,,KG,,,,2018,aat:300008680;aat:300387086,supraglacial_lake,,,Southern Inylchek Glacier,study_local_feature,,,"Ephemeral supraglacial lake on the Southern Inylchek Glacier, study-local lake 4 of Sakurai, N.; Narama, C.; Daiyrov, M.; Esenamanov, M.; Usekov, Z.; Inoue, H. — Simultaneous drainage events from supraglacial lakes on the southern Inylchek Glacier, Central Asia (2022). 2 documented drainage event(s) between 2018-05-12 and 2018-07-18, of which 2 drained simultaneously with other lakes on the same glacier through a shared englacial conduit network."
KGLD-F0005,Hamilton 5,Southern Inylchek supraglacial Lake 5,,,KG,,,,2018,aat:300008680;aat:300387086,supraglacial_lake,,,Southern Inylchek Glacier,study_local_feature,,,"Ephemeral supraglacial lake on the Southern Inylchek Glacier, study-local lake 5 of Sakurai, N.; Narama, C.; Daiyrov, M.; Esenamanov, M.; Usekov, Z.; Inoue, H. — Simultaneous drainage events from supraglacial lakes on the southern Inylchek Glacier, Central Asia (2022). 2 documented drainage event(s) between 2018-05-12 and 2018-07-18, of which 2 drained simultaneously with other lakes on the same glacier through a shared englacial conduit network."
KGLD-F0007,Hamilton 7,Southern Inylchek supraglacial Lake 7,,,KG,,,,2018,aat:300008680;aat:300387086,supraglacial_lake,,,Southern Inylchek Glacier,study_local_feature,,,"Ephemeral supraglacial lake on the Southern Inylchek Glacier, study-local lake 7 of Sakurai, N.; Narama, C.; Daiyrov, M.; Esenamanov, M.; Usekov, Z.; Inoue, H. — Simultaneous drainage events from supraglacial lakes on the southern Inylchek Glacier, Central Asia (2022). 2 documented drainage event(s) between 2018-05-12 and 2018-07-18, of which 2 drained simultaneously with other lakes on the same glacier through a shared englacial conduit network."
KGLD-F0008,Hamilton 8,Southern Inylchek supraglacial Lake 8,,,KG,,,,"2017,2018",aat:300008680;aat:300387086,supraglacial_lake,,,Southern Inylchek Glacier,study_local_feature,,,"Ephemeral supraglacial lake on the Southern Inylchek Glacier, study-local lake 8 of Sakurai, N.; Narama, C.; Daiyrov, M.; Esenamanov, M.; Usekov, Z.; Inoue, H. — Simultaneous drainage events from supraglacial lakes on the southern Inylchek Glacier, Central Asia (2022). 3 documented drainage event(s) between 2017-07-25 and 2018-07-18, of which 2 drained simultaneously with other lakes on the same glacier through a shared englacial conduit network."
KGLD-F0009,Hamilton 9,Southern Inylchek supraglacial Lake 9,,,KG,,,,2017,aat:300008680;aat:300387086,supraglacial_lake,,,Southern Inylchek Glacier,study_local_feature,,,
KGLD-F0014,Hamilton 14,Southern Inylchek supraglacial Lake 14,,,KG,,,,2018,aat:300008680;aat:300387086,supraglacial_lake,,,Southern Inylchek Glacier,study_local_feature,,,"Ephemeral supraglacial lake on the Southern Inylchek Glacier, study-local lake 14 of Sakurai, N.; Narama, C.; Daiyrov, M.; Esenamanov, M.; Usekov, Z.; Inoue, H. — Simultaneous drainage events from supraglacial lakes on the southern Inylchek Glacier, Central Asia (2022). 1 documented drainage event(s) between 2018-07-17 and 2018-07-18, of which 1 drained simultaneously with other lakes on the same glacier through a shared englacial conduit network."
KGLD-F0015,Hamilton 15,Southern Inylchek supraglacial Lake 15,,,KG,,,,2018,aat:300008680;aat:300387086,supraglacial_lake,,,Southern Inylchek Glacier,study_local_feature,,,"Ephemeral supraglacial lake on the Southern Inylchek Glacier, study-local lake 15 of Sakurai, N.; Narama, C.; Daiyrov, M.; Esenamanov, M.; Usekov, Z.; Inoue, H. — Simultaneous drainage events from supraglacial lakes on the southern Inylchek Glacier, Central Asia (2022). 1 documented drainage event(s) between 2018-07-17 and 2018-07-18, of which 1 drained simultaneously with other lakes on the same glacier through a shared englacial conduit network."
